{
	"format_version": "1.21.6",
	"credit": "Made with Blockbench",
	"textures": {
		"0": "item/049",
		"particle": "item/049"
	},
	"elements": [
		{
			"from": [7, 1.25, 6.5],
			"to": [9, 2.25, 10.5],
			"rotation": {"angle": -22.5, "axis": "x", "origin": [8.5, 1.75, 9.5]},
			"faces": {
				"north": {"uv": [5, 13, 6, 15], "rotation": 90, "texture": "#0"},
				"east": {"uv": [2, 15, 6, 16], "texture": "#0"},
				"south": {"uv": [0, 1, 2, 2], "texture": "#0"},
				"west": {"uv": [6, 15, 2, 16], "texture": "#0"},
				"up": {"uv": [6, 14, 2, 16], "rotation": 90, "texture": "#0"},
				"down": {"uv": [12, 5, 16, 6], "rotation": 270, "texture": "#0"}
			}
		},
		{
			"from": [6.5, 0.75, 8],
			"to": [9.5, 2.75, 11],
			"rotation": {"angle": -12.5, "axis": "x", "origin": [8.5, 1.25, 9.5]},
			"faces": {
				"north": {"uv": [11, 6, 14, 8], "texture": "#0"},
				"east": {"uv": [10, 6, 13, 8], "texture": "#0"},
				"south": {"uv": [0, 0, 3, 2], "texture": "#0"},
				"west": {"uv": [10, 6, 13, 8], "texture": "#0"},
				"up": {"uv": [10, 3, 13, 6], "rotation": 90, "texture": "#0"},
				"down": {"uv": [13, 3, 16, 6], "texture": "#0"}
			}
		},
		{
			"from": [6, 0.75, 9.75],
			"to": [10, 3.75, 11.75],
			"rotation": {"angle": 0, "axis": "y", "origin": [8.5, 2.25, 11.25]},
			"faces": {
				"north": {"uv": [9, 13, 13, 16], "texture": "#0"},
				"east": {"uv": [6, 13, 8, 16], "texture": "#0"},
				"west": {"uv": [8, 13, 6, 16], "texture": "#0"},
				"up": {"uv": [8, 10, 12, 12], "rotation": 180, "texture": "#0"},
				"down": {"uv": [12, 10, 16, 12], "texture": "#0"}
			}
		},
		{
			"from": [5, 0.75, 11.75],
			"to": [11, 6.75, 12.75],
			"rotation": {"angle": 0, "axis": "y", "origin": [7, 2.75, 11.75]},
			"faces": {
				"north": {"uv": [0, 0, 6, 6], "texture": "#0"},
				"east": {"uv": [6, 0, 7, 6], "texture": "#0"},
				"west": {"uv": [6, 0, 7, 6], "texture": "#0"},
				"up": {"uv": [0, 0, 6, 1], "texture": "#0"},
				"down": {"uv": [0, 5, 6, 6], "texture": "#0"}
			}
		}
	],
	"display": {
		"thirdperson_righthand": {
			"rotation": [42, -90, -12],
			"translation": [-10.5, 2.5, 9.5]
		},
		"head": {
			"translation": [0, 6.85, -14],
			"scale": [1.605, 1.605, 1.605]
		}
	}
}