{
	"format_version": "1.21.6",
	"credit": "Made with Blockbench",
	"texture_size": [128, 128],
	"textures": {
		"2": "item/079"
	},
	"elements": [
		{
			"name": "frame",
			"from": [1, 10, 0],
			"to": [15, 22, 9],
			"rotation": {"angle": 0, "axis": "y", "origin": [8, 12.5, 6.5]},
			"faces": {
				"north": {"uv": [14.25, 2.625, 16, 4.125], "texture": "#2"},
				"east": {"uv": [14.25, 0, 13.125, 1.5], "texture": "#2"},
				"south": {"uv": [14.25, 0, 16, 1.5], "texture": "#2"},
				"west": {"uv": [13.125, 0, 14.25, 1.5], "texture": "#2"},
				"up": {"uv": [14.25, 1.5, 16, 2.625], "rotation": 180, "texture": "#2"},
				"down": {"uv": [14.25, 2.625, 16, 1.5], "rotation": 180, "texture": "#2"}
			}
		},
		{
			"name": "frame",
			"from": [1, 8, 0],
			"to": [15, 10, 15],
			"rotation": {"angle": 0, "axis": "y", "origin": [8, 12.5, 6.5]},
			"faces": {
				"north": {"uv": [14.25, 2.625, 16, 4.125], "texture": "#2"},
				"east": {"uv": [14.625, 3.125, 14.875, 5], "rotation": 90, "texture": "#2"},
				"south": {"uv": [14.25, 5.25, 16, 5.5], "texture": "#2"},
				"west": {"uv": [15.25, 5, 15.5, 3.125], "rotation": 90, "texture": "#2"},
				"up": {"uv": [14.25, 5.25, 16, 3.375], "rotation": 180, "texture": "#2"},
				"down": {"uv": [14.25, 3.125, 16, 5], "rotation": 180, "texture": "#2"}
			}
		},
		{
			"name": "innerframe",
			"from": [13, 12, 8],
			"to": [3, 20, 9],
			"rotation": {"angle": 0, "axis": "y", "origin": [8, 12.5, 6.5]},
			"faces": {
				"east": {"uv": [14.5, 0.25, 14.375, 1.25], "texture": "#2"},
				"west": {"uv": [15.75, 0.25, 15.875, 1.25], "texture": "#2"},
				"up": {"uv": [14.5, 0.125, 15.75, 0.25], "rotation": 180, "texture": "#2"},
				"down": {"uv": [14.5, 1.25, 15.75, 1.375], "rotation": 180, "texture": "#2"}
			}
		},
		{
			"name": "screen",
			"from": [3, 12, 8.5],
			"to": [13, 20, 8.5],
			"light_emission": 15,
			"rotation": {"angle": 0, "axis": "y", "origin": [8, 12.5, 6.5]},
			"faces": {
				"south": {"uv": [13, 1.5, 14.25, 2.5], "texture": "#2"}
			}
		}
	],
	"display": {
		"head": {
			"translation": [0, 0.875, 0],
			"scale": [0.91, 0.91, 0.91]
		}
	}
}