{
	"format_version": "1.21.6",
	"credit": "Made with Blockbench",
	"texture_size": [48, 48],
	"textures": {
		"1": "item/173"
	},
	"elements": [
		{
			"from": [5.769, 7.019, 8.72689],
			"to": [7.231, 12.731, 10.18889],
			"rotation": {"angle": 0, "axis": "y", "origin": [8, 17.3625, 8.14999]},
			"faces": {
				"north": {"uv": [6.5, 13.75, 7.00067, 15.50067], "texture": "#1"},
				"east": {"uv": [9, 2.75067, 9.50067, 1.25], "texture": "#1"},
				"south": {"uv": [8.5, 13.75, 9.00067, 15.50067], "texture": "#1"},
				"west": {"uv": [6.25, 13, 6.75067, 14.75067], "texture": "#1"},
				"down": {"uv": [13.50067, 12, 13, 12.50067], "texture": "#1"}
			}
		},
		{
			"from": [8.769, 7.019, 8.72689],
			"to": [10.231, 12.731, 10.18889],
			"rotation": {"angle": 0, "axis": "y", "origin": [8, 17.3625, 8.14999]},
			"faces": {
				"north": {"uv": [3.75067, 12.25, 3.25, 14.00067], "texture": "#1"},
				"east": {"uv": [2.5, 10, 3.00067, 11.75067], "texture": "#1"},
				"south": {"uv": [2.5, 12, 3.00067, 13.75067], "texture": "#1"},
				"west": {"uv": [11, 1.25067, 11.50067, 0], "texture": "#1"},
				"down": {"uv": [14.00067, 0, 13.5, 0.50067], "texture": "#1"}
			}
		},
		{
			"from": [5.759, 11.99863, 6.73414],
			"to": [10.241, 15.48063, 10.46614],
			"rotation": {"angle": -17.5, "axis": "x", "origin": [8, 16.2875, 8.09999]},
			"faces": {
				"north": {"uv": [6.5, 13.25, 8, 14.5], "texture": "#1"},
				"east": {"uv": [1.75, 12.5, 3, 13.75], "texture": "#1"},
				"south": {"uv": [2.5, 1.25, 4, 0], "texture": "#1"},
				"west": {"uv": [4.25, 13.75, 5.5, 15], "texture": "#1"},
				"down": {"uv": [14, 3.75, 12.5, 4.75], "texture": "#1"}
			}
		},
		{
			"from": [5.748, 15.098, 7.03089],
			"to": [10.252, 21.352, 10.78489],
			"rotation": {"angle": 0, "axis": "x", "origin": [8, 17.3625, 7.99999]},
			"faces": {
				"north": {"uv": [5.25, 10.75, 6.75, 12.75], "texture": "#1"},
				"east": {"uv": [2.25, 10.75, 3.5, 12.75], "texture": "#1"},
				"south": {"uv": [7.75, 3, 9.25, 1], "texture": "#1"},
				"west": {"uv": [2.25, 11, 3.5, 13], "texture": "#1"},
				"up": {"uv": [7, 16, 5.5, 14.75], "texture": "#1"}
			}
		},
		{
			"from": [6.875, 21.35, 8.03289],
			"to": [9.125, 22.1, 10.28289],
			"rotation": {"angle": 0, "axis": "y", "origin": [8, 17.3625, 7.99999]},
			"faces": {
				"north": {"uv": [13.5, 1, 14.25, 1.25], "texture": "#1"},
				"east": {"uv": [13, 8.25, 13.75, 8.5], "texture": "#1"},
				"south": {"uv": [13.25, 1.25, 14, 1.5], "texture": "#1"},
				"west": {"uv": [13.5, 9.5, 14.25, 9.75], "texture": "#1"}
			}
		},
		{
			"from": [10.25, 17.26326, 4.25192],
			"to": [11.75, 18.76326, 7.25192],
			"rotation": {"angle": 22.5, "axis": "x", "origin": [8, 17.3625, 7.99999]},
			"faces": {
				"north": {"uv": [13.5, 10, 14, 10.5], "texture": "#1"},
				"east": {"uv": [3, 12.5, 4, 13], "texture": "#1"},
				"west": {"uv": [12, 10, 13, 10.5], "texture": "#1"},
				"up": {"uv": [8.5, 3.5, 8, 2.5], "texture": "#1"},
				"down": {"uv": [12.5, 11, 12, 12], "texture": "#1"}
			}
		},
		{
			"from": [10.249, 17.83624, 7.40661],
			"to": [11.751, 19.33824, 10.40861],
			"rotation": {"angle": -22.5, "axis": "x", "origin": [8, 17.3625, 7.99999]},
			"faces": {
				"north": {"uv": [5, 14, 5.5, 14.5], "texture": "#1"},
				"east": {"uv": [2, 12.5, 3, 13], "texture": "#1"},
				"south": {"uv": [14, 5, 14.5, 5.5], "texture": "#1"},
				"up": {"uv": [5.5, 13.5, 5, 12.5], "texture": "#1"},
				"down": {"uv": [12.5, 12.5, 12, 13.5], "texture": "#1"}
			}
		},
		{
			"from": [4.25, 17.26326, 4.25192],
			"to": [5.75, 18.76326, 7.25192],
			"rotation": {"angle": 22.5, "axis": "x", "origin": [8, 17.3625, 7.99999]},
			"faces": {
				"north": {"uv": [8, 14, 8.5, 14.5], "texture": "#1"},
				"east": {"uv": [13, 6.5, 14, 7], "texture": "#1"},
				"west": {"uv": [13.25, 4.75, 14.25, 5.25], "texture": "#1"},
				"up": {"uv": [13.5, 8.5, 13, 7.5], "texture": "#1"},
				"down": {"uv": [11.5, 13, 11, 14], "texture": "#1"}
			}
		},
		{
			"from": [4.249, 17.83624, 7.40661],
			"to": [5.751, 19.33824, 10.40861],
			"rotation": {"angle": -22.5, "axis": "x", "origin": [8, 17.3625, 7.99999]},
			"faces": {
				"north": {"uv": [7, 14, 7.5, 14.5], "texture": "#1"},
				"south": {"uv": [14, 7.5, 14.5, 8], "texture": "#1"},
				"west": {"uv": [13, 4.25, 14, 4.75], "texture": "#1"},
				"up": {"uv": [13.5, 6, 13, 5], "texture": "#1"},
				"down": {"uv": [6.5, 13, 6, 14], "texture": "#1"}
			}
		},
		{
			"from": [5.375, 22.1, 6.80789],
			"to": [10.625, 29.6, 11.30789],
			"rotation": {"angle": 0, "axis": "y", "origin": [8, 17.3625, 7.99999]},
			"faces": {
				"north": {"uv": [8.5, 11, 10.25, 13.5], "texture": "#1"},
				"east": {"uv": [7, 11, 8.5, 13.5], "texture": "#1"},
				"south": {"uv": [13.75, 9.25, 12, 11.75], "texture": "#1"},
				"west": {"uv": [10.25, 11, 11.75, 13.5], "texture": "#1"},
				"up": {"uv": [11.5, 9.75, 9.75, 8.25], "texture": "#1"},
				"down": {"uv": [10.25, 13.5, 8.5, 15], "texture": "#1"}
			}
		},
		{
			"from": [5.75, 7, 8.60789],
			"to": [5.75, 7, 8.60789],
			"rotation": {"angle": 0, "axis": "y", "origin": [5.75, 7, 8.60789]},
			"color": 4,
			"faces": {
				"north": {"uv": [0.66667, 0.66667, 0.66667, 0.66667], "texture": "#missing"},
				"east": {"uv": [0, 0.66667, 0, 0.66667], "texture": "#missing"},
				"south": {"uv": [0, 0.66667, 0, 0.66667], "texture": "#missing"},
				"west": {"uv": [0.66667, 0.66667, 0.66667, 0.66667], "texture": "#missing"},
				"up": {"uv": [0, 0.66667, 0, 0.66667], "texture": "#missing"},
				"down": {"uv": [0, 0, 0, 0], "texture": "#missing"}
			}
		}
	]
}