{
	"horror1": { "sounds": [ "custom/horror/horror3", "custom/horror/horror4" ] },
	"horror2": { "sounds": [ "custom/horror/horror1", "custom/horror/horror2", "custom/horror/horror9", "custom/horror/horror10", "custom/horror/horror14" ] },
	"necksnap": { "sounds": [ "custom/173/necksnap1", "custom/173/necksnap2", "custom/173/necksnap3" ] },
	"stonedrag1": { "sounds": [ "custom/173/stonedrag1" ] },
	"stonedrag2": { "sounds": [ "custom/173/stonedrag2" ] },
	"stonedrag3": { "sounds": [ "custom/173/stonedrag3" ] },
	"stonedrag4": { "sounds": [ "custom/173/stonedrag4" ] },
	"stonedrag5": { "sounds": [ "custom/173/stonedrag5" ] },
	"stonedrag6": { "sounds": [ "custom/173/stonedrag6" ] },
	"stonedrag7": { "sounds": [ "custom/173/stonedrag7" ] },
	"stonedrag8": { "sounds": [ "custom/173/stonedrag8" ] },
	"stonedrag9": { "sounds": [ "custom/173/stonedrag9" ] },
	"stonedrag10": { "sounds": [ "custom/173/stonedrag10" ] },
	"stonedrag11": { "sounds": [ "custom/173/stonedrag11" ] },
	"stonedrag12": { "sounds": [ "custom/173/stonedrag12" ] },
	"stonedrag13": { "sounds": [ "custom/173/stonedrag13" ] },
	"stonedrag14": { "sounds": [ "custom/173/stonedrag14" ] },
	"stonedrag15": { "sounds": [ "custom/173/stonedrag15" ] },
	"stonedrag16": { "sounds": [ "custom/173/stonedrag16" ] },
	"stonedrag17": { "sounds": [ "custom/173/stonedrag17" ] },
	"stonedrag18": { "sounds": [ "custom/173/stonedrag18" ] },
	"stonedrag19": { "sounds": [ "custom/173/stonedrag19" ] },
	"stonedrag20": { "sounds": [ "custom/173/stonedrag20" ] },
	"stonedrag21": { "sounds": [ "custom/173/stonedrag21" ] },
	"stonedrag22": { "sounds": [ "custom/173/stonedrag22" ] },
	"stonedrag23": { "sounds": [ "custom/173/stonedrag23" ] },
	"stonedrag24": { "sounds": [ "custom/173/stonedrag24" ] },
	"stonedrag25": { "sounds": [ "custom/173/stonedrag25" ] },
	"button": { "sounds": [ "custom/block/button" ] },
	"button2": { "sounds": [ "custom/block/button2" ] },
	"door_open": { "sounds": [ "custom/block/door_open", "custom/block/door_open2", "custom/block/door_open3" ] },
	"door_close": { "sounds": [ "custom/block/door_close", "custom/block/door_close2", "custom/block/door_close3" ] },
	"door_open173": { "sounds": [ "custom/173/door_open173" ] },
	"activate": { "sounds": [ "custom/079/activate" ] },
	"deactivate": { "sounds": [ "custom/079/deactivate" ] }
}