{   "parent": "block/block",
    "display": {
        "gui": {
            "rotation": [ 30, 135, 0 ],
            "translation": [ 0, 0, 0],
            "scale":[ 0.625, 0.625, 0.625 ]
        },
        "fixed": {
            "rotation": [ 0, 90, 0 ],
            "translation": [ 0, 0, 0 ],
            "scale": [ 0.5, 0.5, 0.5 ]
        }
    },
    "textures": {
        "wall": "block/wall",
		"floor": "block/floor",
        "trim": "block/trim",
		"line": "block/line",
		"panel": "block/panel",
		"pipe": "block/pipe",
		"particle": "#line"
    },
    "elements": [
        {   "from": [ 5, 0, 0 ],
            "to": [ 11, 16, 16 ],
            "faces": {
                "down":  { "uv": [ 5, 0, 11, 16 ], "texture": "#wall", "cullface": "down" },
                "up":    { "uv": [ 5, 0, 11, 16 ], "texture": "#wall" },
                "north": { "uv": [ 5, 0, 11, 16 ], "texture": "#line", "cullface": "north" },
                "south": { "uv": [ 5, 0, 11, 16 ], "texture": "#line", "cullface": "south" },
                "west":  { "uv": [ 0, 0, 16, 16 ], "texture": "#line" },
                "east":  { "uv": [ 0, 0, 16, 16 ], "texture": "#line" }
            }
        }
    ]
}
