{
	"format_version": "1.21.11",
	"credit": "Made with Blockbench",
	"parent": "block/block",
	"textures": {
		"wall": "block/wall",
		"floor": "block/floor",
        "trim": "block/trim",
		"line": "block/line",
		"panel": "block/panel",
		"pipe": "block/pipe",
		"particle": "#panel"
	},
	"elements": [
		{
			"from": [5, 0, 0],
			"to": [11, 16, 16],
			"faces": {
				"north": {"uv": [5, 0, 11, 16], "texture": "#panel", "cullface": "north"},
				"east": {"uv": [0, 0, 16, 16], "texture": "#panel"},
				"south": {"uv": [5, 0, 11, 16], "texture": "#panel", "cullface": "south"},
				"west": {"uv": [0, 0, 16, 16], "texture": "#panel"},
				"up": {"uv": [5, 0, 11, 16], "texture": "#panel"},
				"down": {"uv": [5, 0, 11, 16], "texture": "#panel", "cullface": "down"}
			}
		},
		{
			"from": [3, 14, 0],
			"to": [13, 16, 16],
			"rotation": {"angle": 0, "axis": "y", "origin": [3, 12, 0]},
			"faces": {
				"north": {"uv": [10, 16, 0, 14], "texture": "#pipe"},
				"east": {"uv": [16, 16, 0, 14], "texture": "#pipe"},
				"south": {"uv": [10, 16, 0, 14], "texture": "#pipe"},
				"west": {"uv": [16, 16, 0, 14], "texture": "#pipe"},
				"up": {"uv": [16, 16, 0, 6], "rotation": 90, "texture": "#pipe"},
				"down": {"uv": [16, 16, 0, 6], "rotation": 90, "texture": "#pipe"}
			}
		},
		{
			"from": [3, 18, 0],
			"to": [13, 20, 16],
			"rotation": {"angle": 0, "axis": "y", "origin": [3, 12, 0]},
			"faces": {
				"north": {"uv": [10, 16, 0, 14], "texture": "#pipe"},
				"east": {"uv": [16, 16, 0, 14], "texture": "#pipe"},
				"south": {"uv": [10, 16, 0, 14], "texture": "#pipe"},
				"west": {"uv": [16, 16, 0, 14], "texture": "#pipe"},
				"up": {"uv": [16, 16, 0, 6], "rotation": 90, "texture": "#pipe"},
				"down": {"uv": [16, 16, 0, 6], "rotation": 90, "texture": "#pipe"}
			}
		},
		{
			"from": [3, 22, 0],
			"to": [13, 24, 16],
			"rotation": {"angle": 0, "axis": "y", "origin": [3, 12, 0]},
			"faces": {
				"north": {"uv": [10, 16, 0, 14], "texture": "#pipe"},
				"east": {"uv": [16, 16, 0, 14], "texture": "#pipe"},
				"south": {"uv": [10, 16, 0, 14], "texture": "#pipe"},
				"west": {"uv": [16, 16, 0, 14], "texture": "#pipe"},
				"up": {"uv": [16, 16, 0, 6], "rotation": 90, "texture": "#pipe"},
				"down": {"uv": [16, 16, 0, 6], "rotation": 90, "texture": "#pipe"}
			}
		}
	],
	"display": {
		"gui": {
			"rotation": [30, 135, 0],
			"scale": [0.625, 0.625, 0.625]
		},
		"fixed": {
			"rotation": [0, 90, 0],
			"scale": [0.5, 0.5, 0.5]
		}
	}
}