{
	"format_version": "1.21.11",
	"credit": "Made with Blockbench",
	"textures": {
		"1": "block/pipe",
		"particle": "block/line"
	},
	"elements": [
		{   "from": [ 5, 0, 0 ],
            "to": [ 11, 16, 8 ],
            "faces": {
                "down":  { "texture": "#particle", "cullface": "down" },
                "up":    { "texture": "#particle", "cullface": "up"},
                "north": { "texture": "#particle", "cullface": "north" },
                "west":  { "texture": "#particle" },
                "east":  { "texture": "#particle" }
            }
        }
	]
}