{
    "textures": {
        "wall": "block/wall",
		"floor": "block/floor",
        "trim": "block/trim",
		"line": "block/line",
		"panel": "block/panel",
		"pipe": "block/pipe"
    },
    "elements": [
        {   "from": [ 5, 0, 5 ],
            "to": [ 11, 16, 11 ],
            "faces": {
                "down":  { "texture": "#wall", "cullface": "down" },
                "up":    { "texture": "#wall", "cullface": "up" },
                "north": { "texture": "#line" },
                "south": { "texture": "#line" },
                "west":  { "texture": "#line" },
                "east":  { "texture": "#line" }
            }
        }
    ]
}
