{
	"format_version": "1.21.11",
	"credit": "Made with Blockbench",
	"textures": {
		"button": "block/button",
		"particle": "#button"
	},
	"elements": [
		{
			"from": [5, 0, 4],
			"to": [11, 1, 12],
			"rotation": {"angle": 0, "axis": "y", "origin": [7, 0, 7]},
			"faces": {
				"north": {"uv": [0, 0, 6, 2], "texture": "#button"},
				"east": {"uv": [0, 0, 8, 2], "texture": "#button"},
				"south": {"uv": [0, 0, 6, 2], "texture": "#button"},
				"west": {"uv": [1, 0, 9, 2], "texture": "#button"},
				"up": {"uv": [1, 1, 7, 9], "texture": "#button"},
				"down": {"uv": [9, 1, 15, 9], "texture": "#button"}
			}
		},
		{
			"from": [7, 0.5, 5],
			"to": [9, 1.5, 7],
			"rotation": {"angle": 0, "axis": "y", "origin": [7, -0.5, 5]},
			"faces": {
				"north": {"uv": [0, 12, 2, 13], "texture": "#button"},
				"east": {"uv": [2, 12, 0, 13], "texture": "#button"},
				"south": {"uv": [2, 12, 0, 13], "texture": "#button"},
				"west": {"uv": [0, 12, 2, 13], "texture": "#button"},
				"up": {"uv": [0, 12, 2, 14], "rotation": 180, "texture": "#button"},
				"down": {"uv": [0, 12, 2, 14], "texture": "#button"}
			}
		}
	]
}