{
    "parent": "block/block",
	"textures": {
        "wall": "block/wall",
		"floor": "block/floor",
        "trim": "block/trim",
		"line": "block/line",
		"panel": "block/panel",
		"pipe": "block/pipe",
		"particle": "block/floor"
    },
    "elements": [
        {   "from": [ 0, 0, 0 ],
            "to": [ 16, 16, 16 ],
            "faces": {
                "down":  { "texture": "#floor", "cullface": "down" },
                "up":    { "texture": "#floor", "cullface": "up" },
                "north": { "texture": "#wall", "cullface": "north" },
                "south": { "texture": "#wall", "cullface": "south" },
                "west":  { "texture": "#wall", "cullface": "west" },
                "east":  { "texture": "#wall", "cullface": "east" }
            }
        }
    ]
}
